{
    "M": [
        [
            0.9905086755752563,
            0.07206929475069046,
            -0.11704112589359283,
            0.25
        ],
        [
            0.13745039701461792,
            -0.519352912902832,
            0.8434333205223083,
            -1.4079264402389526
        ],
        [
            -7.450581485102248e-09,
            -0.8515154123306274,
            -0.524329423904419,
            0.9959747791290283
        ],
        [
            0.0,
            -0.0,
            -0.0,
            1.0
        ]
    ],
    "K": [
        [
            1111.1110311937682,
            0.0,
            400.0
        ],
        [
            0.0,
            1111.1110311937682,
            300.0
        ],
        [
            0.0,
            0.0,
            1.0
        ]
    ]
}