{
    "M": [[ 9.99164825e-01, -2.49296753e-02, -3.23753692e-02,  3.33947273e-02],
          [ 3.23425476e-02, -1.71875671e-03,  9.99475365e-01, -2.25732892e-01],
          [-2.49722417e-02, -9.99687730e-01, -9.11032032e-04,  7.17535647e-02],
          [ 0.00000000e+00,  0.00000000e+00,  0.00000000e+00,  1.00000000e+00]],
    "K": [[196.04002654133333, 0, 256.14846416266664], [0, 195.57227938666668, 147.136028024], [0, 0, 1]]
}