{
    "0_R": [
        0.8888545036315918,
        -0.32294541597366333,
        -0.13712020218372345,
        0.3025577664375305
    ],
    "0_T": [
        0.1548440009355545,
        -0.14519871771335602,
        0.31620895862579346
    ],
    "1_R": [
        0.889850914478302,
        -0.31139907240867615,
        -0.13611561059951782,
        0.294249564409256
    ],
    "1_T": [
        0.152954563498497,
        -0.13667069375514984,
        0.316007524728775
    ],
    "2_R": [
        0.8949277400970459,
        -0.3085237443447113,
        -0.15111227333545685,
        0.2838672697544098
    ],
    "2_T": [
        0.15083496272563934,
        -0.12999220192432404,
        0.31294670701026917
    ],
    "3_R": [
        0.8882483839988708,
        -0.32604846358299255,
        -0.13476480543613434,
        0.2913181781768799
    ],
    "3_T": [
        0.14851370453834534,
        -0.1219586655497551,
        0.30910953879356384
    ],
    "4_R": [
        0.8878560662269592,
        -0.3403197228908539,
        -0.11948111653327942,
        0.2889668643474579
    ],
    "4_T": [
        0.1441650539636612,
        -0.12242184579372406,
        0.30243054032325745
    ],
    "5_R": [
        0.8862664103507996,
        -0.3433275520801544,
        -0.11808092147111893,
        0.28831419348716736
    ],
    "5_T": [
        0.14127430319786072,
        -0.11349575221538544,
        0.2995593249797821
    ],
    "6_R": [
        0.879391074180603,
        -0.34525173902511597,
        -0.1241680458188057,
        0.29414933919906616
    ],
    "6_T": [
        0.13877597451210022,
        -0.10113181173801422,
        0.29554688930511475
    ],
    "7_R": [
        0.8944717049598694,
        -0.3154767155647278,
        -0.13430674374103546,
        0.2909863591194153
    ],
    "7_T": [
        0.13576486706733704,
        -0.08491569012403488,
        0.29388636350631714
    ],
    "8_R": [
        0.891231894493103,
        -0.3315039277076721,
        -0.12803851068019867,
        0.2968798875808716
    ],
    "8_T": [
        0.1285496950149536,
        -0.0832740068435669,
        0.279714971780777
    ],
    "9_R": [
        0.8773128390312195,
        -0.3526616394519806,
        -0.11262287944555283,
        0.3017433285713196
    ],
    "9_T": [
        0.1267339289188385,
        -0.0632779523730278,
        0.28128430247306824
    ],
    "10_R": [
        0.8818199634552002,
        -0.34359011054039,
        -0.10931035131216049,
        0.29284125566482544
    ],
    "10_T": [
        0.12190104275941849,
        -0.05124344676733017,
        0.27686941623687744
    ],
    "11_R": [
        0.8902296423912048,
        -0.3329704999923706,
        -0.10909231007099152,
        0.2897205054759979
    ],
    "11_T": [
        0.11491154879331589,
        -0.03916383907198906,
        0.2670454680919647
    ],
    "12_R": [
        0.8962642550468445,
        -0.3284807801246643,
        -0.11333645135164261,
        0.28685462474823
    ],
    "12_T": [
        0.10859429091215134,
        -0.0320093147456646,
        0.25549471378326416
    ],
    "13_R": [
        0.8917827010154724,
        -0.3399348855018616,
        -0.12417105585336685,
        0.2754278779029846
    ],
    "13_T": [
        0.10707783699035645,
        -0.018909893929958344,
        0.25234541296958923
    ],
    "14_R": [
        0.8934733867645264,
        -0.3424994945526123,
        -0.12979373335838318,
        0.24996063113212585
    ],
    "14_T": [
        0.1051439493894577,
        -0.007416602689772844,
        0.24862082302570343
    ],
    "15_R": [
        0.9067298769950867,
        -0.32330322265625,
        -0.1581781953573227,
        0.2239648699760437
    ],
    "15_T": [
        0.09652832895517349,
        -0.016864150762557983,
        0.22842378914356232
    ],
    "16_R": [
        0.904629111289978,
        -0.325536847114563,
        -0.1767360121011734,
        0.18189066648483276
    ],
    "16_T": [
        0.09599190205335617,
        -0.00509844021871686,
        0.2188379317522049
    ],
    "17_R": [
        0.909533679485321,
        -0.35509222745895386,
        -0.184995636343956,
        0.1368846744298935
    ],
    "17_T": [
        0.0919007658958435,
        0.0010163442930206656,
        0.2108374834060669
    ],
    "18_R": [
        0.8984137177467346,
        -0.37919488549232483,
        -0.21247141063213348,
        0.1027163565158844
    ],
    "18_T": [
        0.08953668922185898,
        0.015212557278573513,
        0.2022181749343872
    ],
    "19_R": [
        0.8857666254043579,
        -0.4044783413410187,
        -0.2320064753293991,
        0.04197423532605171
    ],
    "19_T": [
        0.08338360488414764,
        0.015863338485360146,
        0.18261267244815826
    ],
    "20_R": [
        0.8755663633346558,
        -0.4348706603050232,
        -0.21858350932598114,
        -0.014228791929781437
    ],
    "20_T": [
        0.08080785721540451,
        0.031145166605710983,
        0.1691053956747055
    ]
}