{
    "0_T": [
        0.15360000729560852,
        -0.1477999985218048,
        0.3125999867916107
    ],
    "0_R": [
        0.9150000214576721,
        -0.26910001039505005,
        -0.12729999423027039,
        0.27630001306533813
    ],
    "1_T": [
        0.1536639928817749,
        -0.1473897397518158,
        0.31163713335990906
    ],
    "1_R": [
        0.9143508076667786,
        -0.2706588804721832,
        -0.12191040813922882,
        0.27539846301078796
    ],
    "2_T": [
        0.15383683145046234,
        -0.14628437161445618,
        0.30917373299598694
    ],
    "2_R": [
        0.9149665832519531,
        -0.2772069573402405,
        -0.10464464873075485,
        0.27393782138824463
    ],
    "3_T": [
        0.15325982868671417,
        -0.14432448148727417,
        0.30657389760017395
    ],
    "3_R": [
        0.9148244857788086,
        -0.28442275524139404,
        -0.08696150779724121,
        0.2731986343860626
    ],
    "4_T": [
        0.1494661122560501,
        -0.14121481776237488,
        0.3072936236858368
    ],
    "4_R": [
        0.9130049347877502,
        -0.27747488021850586,
        -0.10873996466398239,
        0.27857735753059387
    ],
    "5_T": [
        0.14571015536785126,
        -0.1381361335515976,
        0.3052988350391388
    ],
    "5_R": [
        0.9107298254966736,
        -0.2705153822898865,
        -0.13002826273441315,
        0.2836993932723999
    ],
    "6_T": [
        0.1422235667705536,
        -0.13362421095371246,
        0.30280762910842896
    ],
    "6_R": [
        0.9080390334129333,
        -0.27551281452178955,
        -0.1292242705821991,
        0.28785234689712524
    ],
    "7_T": [
        0.13882936537265778,
        -0.12879304587841034,
        0.2981789708137512
    ],
    "7_R": [
        0.9052579998970032,
        -0.2833271324634552,
        -0.12306801974773407,
        0.2916983664035797
    ],
    "8_T": [
        0.13568559288978577,
        -0.12381574511528015,
        0.29148977994918823
    ],
    "8_R": [
        0.9037255048751831,
        -0.2894192039966583,
        -0.11309584230184555,
        0.2944929003715515
    ],
    "9_T": [
        0.1334352344274521,
        -0.1181149035692215,
        0.2845506966114044
    ],
    "9_R": [
        0.9069744944572449,
        -0.28918832540512085,
        -0.08773646503686905,
        0.29337653517723083
    ],
    "10_T": [
        0.12929512560367584,
        -0.11055745929479599,
        0.27917495369911194
    ],
    "10_R": [
        0.9028758406639099,
        -0.3075915575027466,
        -0.07579290866851807,
        0.2906169295310974
    ],
    "11_T": [
        0.12330816686153412,
        -0.10211599618196487,
        0.27500301599502563
    ],
    "11_R": [
        0.894771933555603,
        -0.3266790211200714,
        -0.09391199052333832,
        0.28955933451652527
    ],
    "12_T": [
        0.1173371896147728,
        -0.09398544579744339,
        0.27106231451034546
    ],
    "12_R": [
        0.889904797077179,
        -0.33382970094680786,
        -0.1120995357632637,
        0.2899327576160431
    ],
    "13_T": [
        0.11226872354745865,
        -0.08556883782148361,
        0.26643651723861694
    ],
    "13_R": [
        0.888233482837677,
        -0.33711034059524536,
        -0.11933170258998871,
        0.28837114572525024
    ],
    "14_T": [
        0.10791373252868652,
        -0.07704624533653259,
        0.260773628950119
    ],
    "14_R": [
        0.8889757394790649,
        -0.3376769721508026,
        -0.11836414039134979,
        0.285808265209198
    ],
    "15_T": [
        0.10383766144514084,
        -0.06855008006095886,
        0.2530583143234253
    ],
    "15_R": [
        0.8905473947525024,
        -0.33726465702056885,
        -0.11448994278907776,
        0.2829665541648865
    ],
    "16_T": [
        0.0998021736741066,
        -0.06013849005103111,
        0.24271254241466522
    ],
    "16_R": [
        0.8920655846595764,
        -0.33685219287872314,
        -0.11068964749574661,
        0.28017404675483704
    ],
    "17_T": [
        0.09621641784906387,
        -0.04992296174168587,
        0.23346126079559326
    ],
    "17_R": [
        0.8991497755050659,
        -0.33567720651626587,
        -0.07118231803178787,
        0.2716314494609833
    ],
    "18_T": [
        0.0912005677819252,
        -0.037024859338998795,
        0.2284805029630661
    ],
    "18_R": [
        0.9090562462806702,
        -0.32329848408699036,
        -0.025685518980026245,
        0.2616012990474701
    ],
    "19_T": [
        0.08343871682882309,
        -0.02290293388068676,
        0.225626140832901
    ],
    "19_R": [
        0.918749213218689,
        -0.29705923795700073,
        -0.023958032950758934,
        0.2590014636516571
    ],
    "20_T": [
        0.08022624254226685,
        -0.009951133280992508,
        0.2226669043302536
    ],
    "20_R": [
        0.9285250902175903,
        -0.27010151743888855,
        -0.026904474943876266,
        0.2533031404018402
    ],
    "out_kn": [
        0.5900000333786011
    ],
    "out_mu": [
        0.1899999976158142
    ],
    "init_V": [
        -0.009999998845160007,
        0.009999999776482582,
        -0.010000000707805157
    ]
}