{
    "0_T": [
        0.15360000729560852,
        -0.1477999985218048,
        0.3125999867916107
    ],
    "0_R": [
        0.9150000214576721,
        -0.26910001039505005,
        -0.12729999423027039,
        0.27630001306533813
    ],
    "1_T": [
        0.15349845588207245,
        -0.1472720354795456,
        0.3114945590496063
    ],
    "1_R": [
        0.9142595529556274,
        -0.2708944082260132,
        -0.12170221656560898,
        0.2755616307258606
    ],
    "2_T": [
        0.1535147875547409,
        -0.14603957533836365,
        0.30889585614204407
    ],
    "2_R": [
        0.9147509932518005,
        -0.2777370512485504,
        -0.10422594845294952,
        0.2742806375026703
    ],
    "3_T": [
        0.15275290608406067,
        -0.1439255177974701,
        0.30600422620773315
    ],
    "3_R": [
        0.9145986437797546,
        -0.2841615676879883,
        -0.08881766349077225,
        0.27362924814224243
    ],
    "4_T": [
        0.14865459501743317,
        -0.1407027542591095,
        0.30621036887168884
    ],
    "4_R": [
        0.9125884771347046,
        -0.27413082122802734,
        -0.11875699460506439,
        0.27916207909584045
    ],
    "5_T": [
        0.14465482532978058,
        -0.13677938282489777,
        0.3051096796989441
    ],
    "5_R": [
        0.9097699522972107,
        -0.2716258764266968,
        -0.13403768837451935,
        0.28385207056999207
    ],
    "6_T": [
        0.14071950316429138,
        -0.1325826346874237,
        0.30191078782081604
    ],
    "6_R": [
        0.9068160057067871,
        -0.2723309397697449,
        -0.14306604862213135,
        0.2881886065006256
    ],
    "7_T": [
        0.1369106024503708,
        -0.12764860689640045,
        0.29682111740112305
    ],
    "7_R": [
        0.9037947058677673,
        -0.277871698141098,
        -0.1439344882965088,
        0.291934072971344
    ],
    "8_T": [
        0.13378652930259705,
        -0.12180273979902267,
        0.2911231517791748
    ],
    "8_R": [
        0.9039278030395508,
        -0.28276538848876953,
        -0.13087837398052216,
        0.2929658889770508
    ],
    "9_T": [
        0.13092169165611267,
        -0.1157228946685791,
        0.28355470299720764
    ],
    "9_R": [
        0.9050136804580688,
        -0.2871781587600708,
        -0.11299271881580353,
        0.29276543855667114
    ],
    "10_T": [
        0.12795521318912506,
        -0.10865066200494766,
        0.275090754032135
    ],
    "10_R": [
        0.9049480557441711,
        -0.30029627680778503,
        -0.08050317317247391,
        0.29053470492362976
    ],
    "11_T": [
        0.12416896224021912,
        -0.10098250210285187,
        0.2713499069213867
    ],
    "11_R": [
        0.907961368560791,
        -0.29628100991249084,
        -0.05990970879793167,
        0.2902320623397827
    ],
    "12_T": [
        0.11988280713558197,
        -0.09284758567810059,
        0.2660386562347412
    ],
    "12_R": [
        0.9082945585250854,
        -0.29758143424987793,
        -0.04946045204997063,
        0.28982752561569214
    ],
    "13_T": [
        0.11522132903337479,
        -0.0843905434012413,
        0.25889328122138977
    ],
    "13_R": [
        0.906796932220459,
        -0.3021000623703003,
        -0.05053829401731491,
        0.2896561622619629
    ],
    "14_T": [
        0.10986218601465225,
        -0.07633532583713531,
        0.2517310380935669
    ],
    "14_R": [
        0.9081640243530273,
        -0.29127123951911926,
        -0.06321129202842712,
        0.293944776058197
    ],
    "15_T": [
        0.10442528873682022,
        -0.06822675466537476,
        0.24234308302402496
    ],
    "15_R": [
        0.9091663360595703,
        -0.2806199789047241,
        -0.0755164623260498,
        0.29827213287353516
    ],
    "16_T": [
        0.09808731079101562,
        -0.05839089676737785,
        0.23287230730056763
    ],
    "16_R": [
        0.9066673517227173,
        -0.28424400091171265,
        -0.08293603360652924,
        0.300468772649765
    ],
    "17_T": [
        0.09081938862800598,
        -0.0472777895629406,
        0.22508549690246582
    ],
    "17_R": [
        0.9029416441917419,
        -0.28861004114151,
        -0.09869646281003952,
        0.3027534484863281
    ],
    "18_T": [
        0.08779487013816833,
        -0.03618249669671059,
        0.21845607459545135
    ],
    "18_R": [
        0.9000155329704285,
        -0.29441505670547485,
        -0.10994317382574081,
        0.3020005524158478
    ],
    "19_T": [
        0.09074079990386963,
        -0.025864364579319954,
        0.21369215846061707
    ],
    "19_R": [
        0.8983030319213867,
        -0.2979321777820587,
        -0.12545174360275269,
        0.2975735366344452
    ],
    "20_T": [
        0.09337291121482849,
        -0.01419576071202755,
        0.20831063389778137
    ],
    "20_R": [
        0.8986426591873169,
        -0.3083195090293884,
        -0.1169535219669342,
        0.28931355476379395
    ],
    "out_kn": [
        0.5808218717575073
    ],
    "out_mu": [
        0.18029692769050598
    ],
    "init_V": [
        -0.019975537434220314,
        0.02001236379146576,
        -0.018556909635663033
    ]
}