{
    "0_T": [
        0.15360000729560852,
        -0.1477999985218048,
        0.3125999867916107
    ],
    "0_R": [
        0.9150000214576721,
        -0.26910001039505005,
        -0.12729999423027039,
        0.27630001306533813
    ],
    "1_T": [
        0.15334023535251617,
        -0.14714156091213226,
        0.3114602267742157
    ],
    "1_R": [
        0.9141499400138855,
        -0.2715286314487457,
        -0.12066438049077988,
        0.2757577896118164
    ],
    "2_T": [
        0.1531953662633896,
        -0.14585550129413605,
        0.30868712067604065
    ],
    "2_R": [
        0.914458692073822,
        -0.2784636914730072,
        -0.10356468707323074,
        0.274768203496933
    ],
    "3_T": [
        0.15226250886917114,
        -0.143575519323349,
        0.30576393008232117
    ],
    "3_R": [
        0.9140880703926086,
        -0.2857675552368164,
        -0.0867699608206749,
        0.274319052696228
    ],
    "4_T": [
        0.14792700111865997,
        -0.14008371531963348,
        0.3060256838798523
    ],
    "4_R": [
        0.9118363857269287,
        -0.27766385674476624,
        -0.11339208483695984,
        0.28035610914230347
    ],
    "5_T": [
        0.14368802309036255,
        -0.13630926609039307,
        0.30399832129478455
    ],
    "5_R": [
        0.9089250564575195,
        -0.2717640697956085,
        -0.13521946966648102,
        0.2858589291572571
    ],
    "6_T": [
        0.13970370590686798,
        -0.13130901753902435,
        0.3009587824344635
    ],
    "6_R": [
        0.9058275818824768,
        -0.2748493254184723,
        -0.14002586901187897,
        0.2903912663459778
    ],
    "7_T": [
        0.13575907051563263,
        -0.1263585388660431,
        0.29524222016334534
    ],
    "7_R": [
        0.9027363657951355,
        -0.2778567373752594,
        -0.14472849667072296,
        0.2948160469532013
    ],
    "8_T": [
        0.1329396665096283,
        -0.12050482630729675,
        0.2900279462337494
    ],
    "8_R": [
        0.9059257507324219,
        -0.27451789379119873,
        -0.13078491389751434,
        0.2946758270263672
    ],
    "9_T": [
        0.13003510236740112,
        -0.11385144293308258,
        0.28344640135765076
    ],
    "9_R": [
        0.9074903130531311,
        -0.2822359800338745,
        -0.10320354253053665,
        0.29351872205734253
    ],
    "10_T": [
        0.12700910866260529,
        -0.1069171130657196,
        0.2748723328113556
    ],
    "10_R": [
        0.9068311452865601,
        -0.29624703526496887,
        -0.0711570605635643,
        0.2912588119506836
    ],
    "11_T": [
        0.12187865376472473,
        -0.0997733473777771,
        0.27014678716659546
    ],
    "11_R": [
        0.9077975749969482,
        -0.29053735733032227,
        -0.06383118033409119,
        0.29566386342048645
    ],
    "12_T": [
        0.11622362583875656,
        -0.0926743745803833,
        0.2642594575881958
    ],
    "12_R": [
        0.9093618392944336,
        -0.2782881557941437,
        -0.06636302918195724,
        0.30201461911201477
    ],
    "13_T": [
        0.1101013571023941,
        -0.08465947210788727,
        0.2570950984954834
    ],
    "13_R": [
        0.9071410894393921,
        -0.2788381278514862,
        -0.06811250001192093,
        0.3077419698238373
    ],
    "14_T": [
        0.10391706228256226,
        -0.07608305662870407,
        0.24814464151859283
    ],
    "14_R": [
        0.9026080965995789,
        -0.2894437611103058,
        -0.061516884714365005,
        0.31262868642807007
    ],
    "15_T": [
        0.09662537276744843,
        -0.06780371814966202,
        0.23908358812332153
    ],
    "15_R": [
        0.8993695974349976,
        -0.28820717334747314,
        -0.07000767439603806,
        0.3212006688117981
    ],
    "16_T": [
        0.08829044550657272,
        -0.05845943093299866,
        0.23152557015419006
    ],
    "16_R": [
        0.895595371723175,
        -0.2869246304035187,
        -0.07491166889667511,
        0.33161959052085876
    ],
    "17_T": [
        0.104102224111557,
        -0.05135839805006981,
        0.2385307252407074
    ],
    "17_R": [
        0.893781304359436,
        -0.2872084379196167,
        -0.0794479176402092,
        0.3351927697658539
    ],
    "18_T": [
        0.12241477519273758,
        -0.04462980106472969,
        0.24458324909210205
    ],
    "18_R": [
        0.8922588229179382,
        -0.28711041808128357,
        -0.08471201360225677,
        0.33803218603134155
    ],
    "19_T": [
        0.14054501056671143,
        -0.03796818107366562,
        0.24786823987960815
    ],
    "19_R": [
        0.8907334208488464,
        -0.2870037257671356,
        -0.08986862748861313,
        0.34080275893211365
    ],
    "20_T": [
        0.158494770526886,
        -0.031372882425785065,
        0.24841319024562836
    ],
    "20_R": [
        0.88920658826828,
        -0.2868889272212982,
        -0.0949198454618454,
        0.3435063362121582
    ],
    "out_kn": [
        0.5728142857551575
    ],
    "out_mu": [
        0.17305412888526917
    ],
    "init_V": [
        -0.028475765138864517,
        0.028061518445611,
        -0.023280523717403412
    ]
}